<annotation>
	<source>
		<database>Makerere laboratory images database</database>
		<annotation>Makerere medical school/Mulago Hospital</annotation>
		<image></image>
		<flickrid></flickrid>
	</source>
	<owner>
		<flickrid></flickrid>
		<name>unknown</name>
	</owner>
	<size>
		<width>1024</width>
		<height>768</height>
		<depth>3</depth>
	</size>
	<segmented>0</segmented>
	<status>
		<bad>0</bad>
		<annotatedby>me</annotatedby>
		<checkedby>-</checkedby>
	</status>
	<object>
		<name>person</name>
		<action>Trophozoite</action>
		<pose>Unspecified</pose>
		<truncated>0</truncated>
		<occluded>0</occluded>
		<bndbox>
			<xmin>292.3045</xmin>
			<ymin>679.3851</ymin>
			<xmax>342.3045</xmax>
			<ymax>729.3851</ymax>
		</bndbox>
		<bad>0</bad>
		<checkedby>-</checkedby>
	</object>
	<object>
		<name>person</name>
		<action>Trophozoite</action>
		<pose>Unspecified</pose>
		<truncated>0</truncated>
		<occluded>0</occluded>
		<bndbox>
			<xmin>214.6727</xmin>
			<ymin>404.5933</ymin>
			<xmax>264.6727</xmax>
			<ymax>454.5933</ymax>
		</bndbox>
		<bad>0</bad>
		<checkedby>-</checkedby>
	</object>
	<object>
		<name>person</name>
		<action>Trophozoite</action>
		<pose>Unspecified</pose>
		<truncated>0</truncated>
		<occluded>0</occluded>
		<bndbox>
			<xmin>-2.2034</xmin>
			<ymin>551.231</ymin>
			<xmax>47.7966</xmax>
			<ymax>601.231</ymax>
		</bndbox>
		<bad>0</bad>
		<checkedby>-</checkedby>
	</object>
	<object>
		<name>person</name>
		<action>Trophozoite</action>
		<pose>Unspecified</pose>
		<truncated>0</truncated>
		<occluded>0</occluded>
		<bndbox>
			<xmin>162.9182</xmin>
			<ymin>689.2431</ymin>
			<xmax>212.9182</xmax>
			<ymax>739.2431</ymax>
		</bndbox>
		<bad>0</bad>
		<checkedby>-</checkedby>
	</object>
	<object>
		<name>person</name>
		<action>Trophozoite</action>
		<pose>Unspecified</pose>
		<truncated>0</truncated>
		<occluded>0</occluded>
		<bndbox>
			<xmin>705.1083</xmin>
			<ymin>203.7365</ymin>
			<xmax>755.1083</xmax>
			<ymax>253.7365</ymax>
		</bndbox>
		<bad>0</bad>
		<checkedby>-</checkedby>
	</object>
	<object>
		<name>person</name>
		<action>Trophozoite</action>
		<pose>Unspecified</pose>
		<truncated>0</truncated>
		<occluded>0</occluded>
		<bndbox>
			<xmin>220.8339</xmin>
			<ymin>318.3357</ymin>
			<xmax>270.8339</xmax>
			<ymax>368.3357</ymax>
		</bndbox>
		<bad>0</bad>
		<checkedby>-</checkedby>
	</object>
	<object>
		<name>person</name>
		<action>Trophozoite</action>
		<pose>Unspecified</pose>
		<truncated>0</truncated>
		<occluded>0</occluded>
		<bndbox>
			<xmin>989.7581</xmin>
			<ymin>296.1552</ymin>
			<xmax>1039.7581</xmax>
			<ymax>346.1552</ymax>
		</bndbox>
		<bad>0</bad>
		<checkedby>-</checkedby>
	</object>
	<object>
		<name>person</name>
		<action>Trophozoite</action>
		<pose>Unspecified</pose>
		<truncated>0</truncated>
		<occluded>0</occluded>
		<bndbox>
			<xmin>868.9976</xmin>
			<ymin>494.5475</ymin>
			<xmax>918.9976</xmax>
			<ymax>544.5475</ymax>
		</bndbox>
		<bad>0</bad>
		<checkedby>-</checkedby>
	</object>
	<object>
		<name>person</name>
		<action>Trophozoite</action>
		<pose>Unspecified</pose>
		<truncated>0</truncated>
		<occluded>0</occluded>
		<bndbox>
			<xmin>753.1661</xmin>
			<ymin>665.8303</ymin>
			<xmax>803.1661</xmax>
			<ymax>715.8303</ymax>
		</bndbox>
		<bad>0</bad>
		<checkedby>-</checkedby>
	</object>
	<object>
		<name>person</name>
		<action>Trophozoite</action>
		<pose>Unspecified</pose>
		<truncated>0</truncated>
		<occluded>0</occluded>
		<bndbox>
			<xmin>946.6294</xmin>
			<ymin>482.225</ymin>
			<xmax>996.6294</xmax>
			<ymax>532.225</ymax>
		</bndbox>
		<bad>0</bad>
		<checkedby>-</checkedby>
	</object>
</annotation>
