<annotation>
	<source>
		<database>Makerere laboratory images database</database>
		<annotation>Makerere medical school/Mulago Hospital</annotation>
		<image></image>
		<flickrid></flickrid>
	</source>
	<owner>
		<flickrid></flickrid>
		<name>unknown</name>
	</owner>
	<size>
		<width>1024</width>
		<height>768</height>
		<depth>3</depth>
	</size>
	<segmented>0</segmented>
	<status>
		<bad>0</bad>
		<annotatedby>me</annotatedby>
		<checkedby>-</checkedby>
	</status>
	<object>
		<name>person</name>
		<action>Trophozoite</action>
		<pose>Unspecified</pose>
		<truncated>0</truncated>
		<occluded>0</occluded>
		<bndbox>
			<xmin>132.1119</xmin>
			<ymin>78.0469</ymin>
			<xmax>182.1119</xmax>
			<ymax>128.0469</ymax>
		</bndbox>
		<bad>0</bad>
		<checkedby>-</checkedby>
	</object>
	<object>
		<name>person</name>
		<action>Trophozoite</action>
		<pose>Unspecified</pose>
		<truncated>0</truncated>
		<occluded>0</occluded>
		<bndbox>
			<xmin>180.1697</xmin>
			<ymin>110.0854</ymin>
			<xmax>230.1697</xmax>
			<ymax>160.0854</ymax>
		</bndbox>
		<bad>0</bad>
		<checkedby>-</checkedby>
	</object>
	<object>
		<name>person</name>
		<action>Trophozoite</action>
		<pose>Unspecified</pose>
		<truncated>0</truncated>
		<occluded>0</occluded>
		<bndbox>
			<xmin>197.4212</xmin>
			<ymin>16.4344</ymin>
			<xmax>247.4212</xmax>
			<ymax>66.4344</ymax>
		</bndbox>
		<bad>0</bad>
		<checkedby>-</checkedby>
	</object>
	<object>
		<name>person</name>
		<action>Trophozoite</action>
		<pose>Unspecified</pose>
		<truncated>0</truncated>
		<occluded>0</occluded>
		<bndbox>
			<xmin>197.4212</xmin>
			<ymin>16.4344</ymin>
			<xmax>247.4212</xmax>
			<ymax>66.4344</ymax>
		</bndbox>
		<bad>0</bad>
		<checkedby>-</checkedby>
	</object>
	<object>
		<name>person</name>
		<action>Trophozoite</action>
		<pose>Unspecified</pose>
		<truncated>0</truncated>
		<occluded>0</occluded>
		<bndbox>
			<xmin>271.3562</xmin>
			<ymin>86.6727</ymin>
			<xmax>321.3562</xmax>
			<ymax>136.6727</ymax>
		</bndbox>
		<bad>0</bad>
		<checkedby>-</checkedby>
	</object>
	<object>
		<name>person</name>
		<action>Trophozoite</action>
		<pose>Unspecified</pose>
		<truncated>0</truncated>
		<occluded>0</occluded>
		<bndbox>
			<xmin>251.6402</xmin>
			<ymin>132.2659</ymin>
			<xmax>301.6402</xmax>
			<ymax>182.2659</ymax>
		</bndbox>
		<bad>0</bad>
		<checkedby>-</checkedby>
	</object>
	<object>
		<name>person</name>
		<action>Trophozoite</action>
		<pose>Unspecified</pose>
		<truncated>0</truncated>
		<occluded>0</occluded>
		<bndbox>
			<xmin>214.6727</xmin>
			<ymin>204.9687</ymin>
			<xmax>264.6727</xmax>
			<ymax>254.9687</ymax>
		</bndbox>
		<bad>0</bad>
		<checkedby>-</checkedby>
	</object>
	<object>
		<name>person</name>
		<action>Trophozoite</action>
		<pose>Unspecified</pose>
		<truncated>0</truncated>
		<occluded>0</occluded>
		<bndbox>
			<xmin>554.7738</xmin>
			<ymin>32.4537</ymin>
			<xmax>604.7738</xmax>
			<ymax>82.4537</ymax>
		</bndbox>
		<bad>0</bad>
		<checkedby>-</checkedby>
	</object>
	<object>
		<name>person</name>
		<action>Trophozoite</action>
		<pose>Unspecified</pose>
		<truncated>0</truncated>
		<occluded>0</occluded>
		<bndbox>
			<xmin>650.8893</xmin>
			<ymin>92.8339</ymin>
			<xmax>700.8893</xmax>
			<ymax>142.8339</ymax>
		</bndbox>
		<bad>0</bad>
		<checkedby>-</checkedby>
	</object>
	<object>
		<name>person</name>
		<action>Trophozoite</action>
		<pose>Unspecified</pose>
		<truncated>0</truncated>
		<occluded>0</occluded>
		<bndbox>
			<xmin>825.8688</xmin>
			<ymin>160.6077</ymin>
			<xmax>875.8688</xmax>
			<ymax>210.6077</ymax>
		</bndbox>
		<bad>0</bad>
		<checkedby>-</checkedby>
	</object>
</annotation>
