<annotation>
	<source>
		<database>Makerere laboratory images database</database>
		<annotation>Makerere medical school/Mulago Hospital</annotation>
		<image></image>
		<flickrid></flickrid>
	</source>
	<owner>
		<flickrid></flickrid>
		<name>unknown</name>
	</owner>
	<size>
		<width>1024</width>
		<height>768</height>
		<depth>3</depth>
	</size>
	<segmented>0</segmented>
	<status>
		<bad>0</bad>
		<annotatedby>me</annotatedby>
		<checkedby>-</checkedby>
	</status>
	<object>
		<name>person</name>
		<action>Trophozoite</action>
		<pose>Unspecified</pose>
		<truncated>0</truncated>
		<occluded>0</occluded>
		<bndbox>
			<xmin>847.7453</xmin>
			<ymin>392.9876</ymin>
			<xmax>897.7453</xmax>
			<ymax>442.9876</ymax>
		</bndbox>
		<bad>0</bad>
		<checkedby>-</checkedby>
	</object>
	<object>
		<name>person</name>
		<action>Trophozoite</action>
		<pose>Unspecified</pose>
		<truncated>0</truncated>
		<occluded>0</occluded>
		<bndbox>
			<xmin>772.6149</xmin>
			<ymin>421.6087</ymin>
			<xmax>822.6149</xmax>
			<ymax>471.6087</ymax>
		</bndbox>
		<bad>0</bad>
		<checkedby>-</checkedby>
	</object>
	<object>
		<name>person</name>
		<action>Trophozoite</action>
		<pose>Unspecified</pose>
		<truncated>0</truncated>
		<occluded>0</occluded>
		<bndbox>
			<xmin>614.0062</xmin>
			<ymin>234.3789</ymin>
			<xmax>664.0062</xmax>
			<ymax>284.3789</ymax>
		</bndbox>
		<bad>0</bad>
		<checkedby>-</checkedby>
	</object>
	<object>
		<name>person</name>
		<action>Trophozoite</action>
		<pose>Unspecified</pose>
		<truncated>0</truncated>
		<occluded>0</occluded>
		<bndbox>
			<xmin>593.7329</xmin>
			<ymin>354.8261</ymin>
			<xmax>643.7329</xmax>
			<ymax>404.8261</ymax>
		</bndbox>
		<bad>0</bad>
		<checkedby>-</checkedby>
	</object>
	<object>
		<name>person</name>
		<action>Trophozoite</action>
		<pose>Unspecified</pose>
		<truncated>0</truncated>
		<occluded>0</occluded>
		<bndbox>
			<xmin>636.6646</xmin>
			<ymin>487.1988</ymin>
			<xmax>687.8571</xmax>
			<ymax>537.1988</ymax>
		</bndbox>
		<bad>0</bad>
		<checkedby>-</checkedby>
	</object>
	<object>
		<name>person</name>
		<action>Trophozoite</action>
		<pose>Unspecified</pose>
		<truncated>0</truncated>
		<occluded>0</occluded>
		<bndbox>
			<xmin>425.5839</xmin>
			<ymin>391.795</ymin>
			<xmax>475.5839</xmax>
			<ymax>442.9876</ymax>
		</bndbox>
		<bad>0</bad>
		<checkedby>-</checkedby>
	</object>
	<object>
		<name>person</name>
		<action>Trophozoite</action>
		<pose>Unspecified</pose>
		<truncated>0</truncated>
		<occluded>0</occluded>
		<bndbox>
			<xmin>370.7267</xmin>
			<ymin>452.6149</ymin>
			<xmax>420.7267</xmax>
			<ymax>502.6149</ymax>
		</bndbox>
		<bad>0</bad>
		<checkedby>-</checkedby>
	</object>
	<object>
		<name>person</name>
		<action>Trophozoite</action>
		<pose>Unspecified</pose>
		<truncated>0</truncated>
		<occluded>0</occluded>
		<bndbox>
			<xmin>357.6087</xmin>
			<ymin>512.2422</ymin>
			<xmax>407.6087</xmax>
			<ymax>562.2422</ymax>
		</bndbox>
		<bad>0</bad>
		<checkedby>-</checkedby>
	</object>
	<object>
		<name>person</name>
		<action>Trophozoite</action>
		<pose>Unspecified</pose>
		<truncated>0</truncated>
		<occluded>0</occluded>
		<bndbox>
			<xmin>324.2174</xmin>
			<ymin>637.4596</ymin>
			<xmax>374.2174</xmax>
			<ymax>687.4596</ymax>
		</bndbox>
		<bad>0</bad>
		<checkedby>-</checkedby>
	</object>
	<object>
		<name>person</name>
		<action>Trophozoite</action>
		<pose>Unspecified</pose>
		<truncated>0</truncated>
		<occluded>0</occluded>
		<bndbox>
			<xmin>117.9068</xmin>
			<ymin>660.118</ymin>
			<xmax>167.9068</xmax>
			<ymax>710.118</ymax>
		</bndbox>
		<bad>0</bad>
		<checkedby>-</checkedby>
	</object>
	<object>
		<name>person</name>
		<action>Trophozoite</action>
		<pose>Unspecified</pose>
		<truncated>0</truncated>
		<occluded>0</occluded>
		<bndbox>
			<xmin>116.7143</xmin>
			<ymin>463.3478</ymin>
			<xmax>166.7143</xmax>
			<ymax>513.3478</ymax>
		</bndbox>
		<bad>0</bad>
		<checkedby>-</checkedby>
	</object>
	<object>
		<name>person</name>
		<action>Trophozoite</action>
		<pose>Unspecified</pose>
		<truncated>0</truncated>
		<occluded>0</occluded>
		<bndbox>
			<xmin>84.5155</xmin>
			<ymin>433.5342</ymin>
			<xmax>134.5155</xmax>
			<ymax>483.5342</ymax>
		</bndbox>
		<bad>0</bad>
		<checkedby>-</checkedby>
	</object>
	<object>
		<name>person</name>
		<action>Trophozoite</action>
		<pose>Unspecified</pose>
		<truncated>0</truncated>
		<occluded>0</occluded>
		<bndbox>
			<xmin>810.7764</xmin>
			<ymin>71</ymin>
			<xmax>860.7764</xmax>
			<ymax>121</ymax>
		</bndbox>
		<bad>0</bad>
		<checkedby>-</checkedby>
	</object>
</annotation>
